{"cameraMode":{"drawMode":0,"name":"Shaded","section":"Shading Mode"},"sceneLighting":false,"audioPlay":false,"sceneViewState":{"m_AlwaysRefresh":false,"showFog":true,"showSkybox":true,"showFlares":true,"showImageEffects":true,"showParticleSystems":true,"showVisualEffectGraphs":true,"m_FxEnabled":true},"in2DMode":false,"pivot":{"x":183.08438110351563,"y":101.57270812988281,"z":67.55179595947266},"rotation":{"x":0.24349936842918397,"y":0.20840205252170564,"z":-0.05373160541057587,"w":0.9457836747169495},"size":336.04388427734377,"orthographic":false}